{"pose": [[-0.955793023109436, 0.053332261741161346, -0.289163202047348, -0.7697524428367615], [-2.1510571102112408e-16, 0.983413577079773, 0.18137741088867188, 0.4828266501426697], [0.2940402925014496, 0.17335925996303558, -0.9399398565292358, -2.502119779586792], [0.0, 0.0, 0.0, 1.0]], "fovy": 0.8569566627292158, "fovx": 0.8569566627292158, "near": 0.01, "far": 100}