{"pose": [[0.9812926650047302, -0.025295715779066086, 0.19085288047790527, 0.46186399459838867], [-2.2551405187698492e-17, 0.9913305640220642, 0.13139134645462036, 0.3179670572280884], [-0.19252192974090576, -0.1289333552122116, 0.9727854132652283, 2.3541407585144043], [0.0, 0.0, 0.0, 1.0]], "fovy": 0.8569566627292158, "fovx": 0.8569566627292158, "near": 0.01, "far": 100}