{"pose": [[0.9821233749389648, 0.019512902945280075, -0.1872243881225586, -0.4530830383300781], [-1.5612511283791264e-17, 0.9946127533912659, 0.10366053879261017, 0.25085851550102234], [0.1882384866476059, -0.10180743783712387, 0.976832389831543, 2.3639345169067383], [0.0, 0.0, 0.0, 1.0]], "fovy": 0.8569566627292158, "fovx": 0.8569566627292158, "near": 0.01, "far": 100}