{"pose": [[0.8348478674888611, 0.5482585430145264, 0.04941306635737419, 0.13153758645057678], [-3.3306690738754696e-16, -0.08976346999406815, 0.9959630966186523, 2.6512537002563477], [0.5504807829856873, -0.8314776420593262, -0.07493884116411209, -0.19948719441890717], [0.0, 0.0, 0.0, 1.0]], "fovy": 0.8569566627292158, "fovx": 0.8569566627292158, "near": 0.01, "far": 100}