{"pose": [[-0.17192906141281128, -0.16682778298854828, 0.9708804488182068, 2.3495306968688965], [-1.1102230246251565e-16, 0.9855560660362244, 0.16934950649738312, 0.4098258316516876], [-0.9851093292236328, 0.029116101562976837, -0.16944573819637299, -0.4100587069988251], [0.0, 0.0, 0.0, 1.0]], "fovy": 0.8569566627292158, "fovx": 0.8569566627292158, "near": 0.01, "far": 100}