{"pose": [[0.8535507917404175, -0.49994003772735596, 0.14666640758514404, 0.39042598009109497], [-3.3306690738754696e-16, -0.28150418400764465, -0.959559977054596, -2.5543487071990967], [0.5210096836090088, 0.8190332055091858, -0.24027812480926514, -0.6396203637123108], [0.0, 0.0, 0.0, 1.0]], "fovy": 0.8569566627292158, "fovx": 0.8569566627292158, "near": 0.01, "far": 100}