{"pose": [[0.501510739326477, 0.2019655853509903, -0.8412472009658813, -2.2393999099731445], [-2.220446049250313e-16, 0.972369909286499, 0.23344536125659943, 0.6214315295219421], [0.8651514053344727, -0.1170753538608551, 0.4876539409160614, 1.2981348037719727], [0.0, 0.0, 0.0, 1.0]], "fovy": 0.8569566627292158, "fovx": 0.8569566627292158, "near": 0.01, "far": 100}